{"width":420,"height":420,"collisions":[76601,76602,76603,76604,76605,76606,76607,76608,76609,76610,76611,76612,76613,76614,76615,76616,76617,76618,76619,76620,76621,76622,76623,76624,76625,76626,76627,76628,77021,77034,77038,77048,77441,77454,77458,77468,77861,77874,77878,78281,78294,78298,78701,78714,78718,79121,79122,79123,79124,79125,79126,79127,79128,79129,79130,79131,79132,79133,79134,79135,79136,79137,79138,79139,79140,79141,79142,79143,79144,79145,79146,79147,79148,79541,79568,79961,79988,80381,80408,80801,80828,81221,81248,81641,81668,82061,82088,82481,82508,82901,82928,83321,83348,83741,83768,84161,84188,84581,84608,85001,85028,85421,85448,85841,85868,86261,86288,86681,86708,87101,87128,87521,87548,87941,87942,87943,87944,87945,87946,87947,87948,87949,87950,87951,87952,87953,87954,87955,87956,87957,87958,87959,87960,87961,87962,87963,87964,87965,87966,87967,87968],"doors":[],"checkpoints":[{"id":1,"x":173.9375,"y":208.39125,"w":1.1328125,"h":1.171875,"s":1}],"triggers":[],"hiddenLayers":{},"collidingTiles":{"1":true},"roamingAreas":[],"chestAreas":[],"staticChests":[],"staticEntities":{},"tilesize":16}